,date,total_commute
0,2018-01-01,65
1,2018-01-02,1930
2,2018-01-03,330
3,2018-01-04,1530
4,2018-01-05,1140
5,2018-01-06,285
6,2018-01-07,155
7,2018-01-08,2620
8,2018-01-09,2225
9,2018-01-10,1810
10,2018-01-11,2705
11,2018-01-12,3100
12,2018-01-13,475
13,2018-01-14,210
14,2018-01-15,1160
15,2018-01-16,965
16,2018-01-17,1720
17,2018-01-18,355
18,2018-01-19,1710
19,2018-01-20,105
20,2018-01-21,195
21,2018-01-22,2855
22,2018-01-23,2760
23,2018-01-24,1525
24,2018-01-25,2385
25,2018-01-26,2305
26,2018-01-27,450
27,2018-01-28,325
28,2018-01-29,2005
29,2018-01-30,2295
30,2018-01-31,1440
31,2018-02-01,1245
32,2018-02-02,1890
33,2018-02-03,230
34,2018-02-04,135
35,2018-02-05,2475
36,2018-02-06,2280
37,2018-02-07,2710
38,2018-02-08,2290
39,2018-02-09,1060
40,2018-02-10,0
41,2018-02-11,35
42,2018-02-12,1630
43,2018-02-13,2595
44,2018-02-14,2290
45,2018-02-15,2045
46,2018-02-16,3355
47,2018-02-17,480
48,2018-02-18,335
49,2018-02-19,2475
50,2018-02-20,2610
51,2018-02-21,3060
52,2018-02-22,2405
53,2018-02-23,1835
54,2018-02-24,120
55,2018-02-25,0
56,2018-02-26,1490
57,2018-02-27,550
58,2018-02-28,205
59,2018-03-01,405
60,2018-03-02,200
61,2018-03-03,70
62,2018-03-04,35
63,2018-03-05,2305
64,2018-03-06,2605
65,2018-03-07,2235
66,2018-03-08,1755
67,2018-03-09,2365
68,2018-03-10,225
69,2018-03-11,220
70,2018-03-12,3010
71,2018-03-13,1000
72,2018-03-14,3940
73,2018-03-15,2465
74,2018-03-16,2020
75,2018-03-17,300
76,2018-03-18,385
77,2018-03-19,1965
78,2018-03-20,3485
79,2018-03-21,3080
80,2018-03-22,1915
81,2018-03-23,1990
82,2018-03-24,400
83,2018-03-25,310
84,2018-03-26,3245
85,2018-03-27,1895
86,2018-03-28,1135
87,2018-03-29,2440
88,2018-03-30,2490
89,2018-03-31,300
90,2018-04-01,100
91,2018-04-02,405
92,2018-04-03,2040
93,2018-04-04,2460
94,2018-04-05,2885
95,2018-04-06,4420
96,2018-04-07,1175
97,2018-04-08,775
98,2018-04-09,4205
99,2018-04-10,4165
100,2018-04-11,3505
101,2018-04-12,3825
102,2018-04-13,4245
103,2018-04-14,1235
104,2018-04-15,555
105,2018-04-16,4305
106,2018-04-17,5945
107,2018-04-18,6910
108,2018-04-19,8145
109,2018-04-20,6390
110,2018-04-21,2315
111,2018-04-22,1815
112,2018-04-23,5715
113,2018-04-24,1485
114,2018-04-25,2870
115,2018-04-26,3450
116,2018-04-27,275
117,2018-04-28,645
118,2018-04-29,205
119,2018-04-30,875
120,2018-05-01,1300
121,2018-05-02,4920
122,2018-05-03,4695
123,2018-05-04,4140
124,2018-05-05,1300
125,2018-05-06,1165
126,2018-05-07,6525
127,2018-05-08,7775
128,2018-05-09,7205
129,2018-05-10,835
130,2018-05-11,3575
131,2018-05-12,1985
132,2018-05-13,340
133,2018-05-14,6050
134,2018-05-15,6680
135,2018-05-16,4210
136,2018-05-17,4060
137,2018-05-18,3775
138,2018-05-19,1980
139,2018-05-20,685
140,2018-05-21,1245
141,2018-05-22,3710
142,2018-05-23,3630
143,2018-05-24,4610
144,2018-05-25,3985
145,2018-05-26,1215
146,2018-05-27,1535
147,2018-05-28,5365
148,2018-05-29,5070
149,2018-05-30,5190
150,2018-05-31,4635
151,2018-06-01,4110
152,2018-06-02,1195
153,2018-06-03,1455
154,2018-06-04,4920
155,2018-06-05,5165
156,2018-06-06,6055
157,2018-06-07,5970
158,2018-06-08,3570
159,2018-06-09,1085
160,2018-06-10,1380
161,2018-06-11,5365
162,2018-06-12,5480
163,2018-06-13,5360
164,2018-06-14,4425
165,2018-06-15,3780
166,2018-06-16,1345
167,2018-06-17,1330
168,2018-06-18,3190
169,2018-06-19,4540
170,2018-06-20,5255
171,2018-06-21,3995
172,2018-06-22,2935
173,2018-06-23,590
174,2018-06-24,840
175,2018-06-25,5730
176,2018-06-26,7280
177,2018-06-27,6050
178,2018-06-28,6535
179,2018-06-29,5755
180,2018-06-30,1075
181,2018-07-01,755
182,2018-07-02,6615
183,2018-07-03,5925
184,2018-07-04,4810
185,2018-07-05,4695
186,2018-07-06,4855
187,2018-07-07,1260
188,2018-07-08,1210
189,2018-07-09,5600
190,2018-07-10,3720
191,2018-07-11,5965
192,2018-07-12,6735
193,2018-07-13,6035
194,2018-07-14,1530
195,2018-07-15,1060
196,2018-07-16,6090
197,2018-07-17,7730
198,2018-07-18,5455
199,2018-07-19,4910
200,2018-07-20,4800
201,2018-07-21,1970
202,2018-07-22,2060
203,2018-07-23,6420
204,2018-07-24,5975
205,2018-07-25,4665
206,2018-07-26,5405
207,2018-07-27,2895
208,2018-07-28,955
209,2018-07-29,810
210,2018-07-30,3775
211,2018-07-31,4625
212,2018-08-01,5775
213,2018-08-02,5700
214,2018-08-03,2605
215,2018-08-04,1000
216,2018-08-05,520
217,2018-08-06,4550
218,2018-08-07,5085
219,2018-08-08,4585
220,2018-08-09,3495
221,2018-08-10,2305
222,2018-08-11,750
223,2018-08-12,835
224,2018-08-13,2985
225,2018-08-14,4780
226,2018-08-15,5215
227,2018-08-16,4910
228,2018-08-17,3765
229,2018-08-18,1390
230,2018-08-19,285
231,2018-08-20,4315
232,2018-08-21,5135
233,2018-08-22,4815
234,2018-08-23,4095
235,2018-08-24,3015
236,2018-08-25,70
237,2018-08-26,510
238,2018-08-27,2870
239,2018-08-28,4805
240,2018-08-29,2400
241,2018-08-30,3915
242,2018-08-31,2630
243,2018-09-01,365
244,2018-09-02,895
245,2018-09-03,4200
246,2018-09-04,4150
247,2018-09-05,2280
248,2018-09-06,3080
249,2018-09-07,2655
250,2018-09-08,335
251,2018-09-09,1690
252,2018-09-10,5055
253,2018-09-11,5095
254,2018-09-12,2905
255,2018-09-13,4475
256,2018-09-14,3730
257,2018-09-15,935
258,2018-09-16,1120
259,2018-09-17,5185
260,2018-09-18,6145
261,2018-09-19,5435
262,2018-09-20,5495
263,2018-09-21,1375
264,2018-09-22,375
265,2018-09-23,735
266,2018-09-24,2355
267,2018-09-25,4885
268,2018-09-26,4190
269,2018-09-27,5000
270,2018-09-28,2420
271,2018-09-29,540
272,2018-09-30,1095
273,2018-10-01,2315
274,2018-10-02,2065
275,2018-10-03,3625
276,2018-10-04,3525
277,2018-10-05,3950
278,2018-10-06,835
279,2018-10-07,740
280,2018-10-08,4140
281,2018-10-09,5235
282,2018-10-10,4760
283,2018-10-11,4930
284,2018-10-12,3310
285,2018-10-13,1100
286,2018-10-14,965
287,2018-10-15,4010
288,2018-10-16,6035
289,2018-10-17,4140
290,2018-10-18,4540
291,2018-10-19,4480
292,2018-10-20,1020
293,2018-10-21,915
294,2018-10-22,3610
295,2018-10-23,3045
296,2018-10-24,3205
297,2018-10-25,3480
298,2018-10-26,755
299,2018-10-27,165
300,2018-10-28,325
301,2018-10-29,3750
302,2018-10-30,810
303,2018-10-31,2690
304,2018-11-01,3070
305,2018-11-02,2765
306,2018-11-03,15
307,2018-11-04,95
308,2018-11-05,4015
309,2018-11-06,4630
310,2018-11-07,3895
311,2018-11-08,5260
312,2018-11-09,3925
313,2018-11-10,185
314,2018-11-11,5
315,2018-11-12,1450
316,2018-11-13,2745
317,2018-11-14,4080
318,2018-11-15,4510
319,2018-11-16,3345
320,2018-11-17,750
321,2018-11-18,405
322,2018-11-19,2615
323,2018-11-20,1575
324,2018-11-21,2280
325,2018-11-22,3215
326,2018-11-23,2350
327,2018-11-24,80
328,2018-11-25,145
329,2018-11-26,3170
330,2018-11-27,3275
331,2018-11-28,2650
332,2018-11-29,1350
333,2018-11-30,2120
334,2018-12-01,85
335,2018-12-02,360
336,2018-12-03,2445
337,2018-12-04,3260
338,2018-12-05,1705
339,2018-12-06,2675
340,2018-12-07,1340
341,2018-12-08,160
342,2018-12-09,50
343,2018-12-10,1810
344,2018-12-11,2715
345,2018-12-12,1775
346,2018-12-13,2810
347,2018-12-14,1680
348,2018-12-15,235
349,2018-12-16,70
350,2018-12-17,850
351,2018-12-18,2505
352,2018-12-19,2625
353,2018-12-20,1660
354,2018-12-21,485
355,2018-12-22,50
356,2018-12-23,0
357,2018-12-24,230
358,2018-12-25,45
359,2018-12-26,0
360,2018-12-27,840
361,2018-12-28,925
362,2018-12-29,55
363,2018-12-30,120
364,2018-12-31,395
365,2019-01-01,0
366,2019-01-02,1460
367,2019-01-03,2255
368,2019-01-04,1380
369,2019-01-05,100
370,2019-01-06,185
371,2019-01-07,3585
372,2019-01-08,2170
373,2019-01-09,2310
374,2019-01-10,2540
375,2019-01-11,2105
376,2019-01-12,410
377,2019-01-13,295
378,2019-01-14,3065
379,2019-01-15,2895
380,2019-01-16,2035
381,2019-01-17,1905
382,2019-01-18,3010
383,2019-01-19,565
384,2019-01-20,470
385,2019-01-21,3810
386,2019-01-22,2050
387,2019-01-23,1560
388,2019-01-24,2350
389,2019-01-25,1140
390,2019-01-26,5
391,2019-01-27,80
392,2019-01-28,1750
393,2019-01-29,3280
394,2019-01-30,1060
395,2019-01-31,1415
396,2019-02-01,1160
397,2019-02-02,170
398,2019-02-03,700
399,2019-02-04,2295
400,2019-02-05,3380
401,2019-02-06,855
402,2019-02-07,1665
403,2019-02-08,1120
404,2019-02-09,0
405,2019-02-10,30
406,2019-02-11,2965
407,2019-02-12,4725
408,2019-02-13,3255
409,2019-02-14,3755
410,2019-02-15,3395
411,2019-02-16,595
412,2019-02-17,650
413,2019-02-18,3240
414,2019-02-19,4355
415,2019-02-20,3080
416,2019-02-21,4135
417,2019-02-22,2910
418,2019-02-23,810
419,2019-02-24,870
420,2019-02-25,3505
421,2019-02-26,5350
422,2019-02-27,4910
423,2019-02-28,3505
424,2019-03-01,2570
425,2019-03-02,670
426,2019-03-03,0
427,2019-03-04,1300
428,2019-03-05,3680
429,2019-03-06,2095
430,2019-03-07,1410
431,2019-03-08,1510
432,2019-03-09,210
433,2019-03-10,0
434,2019-03-11,1655
435,2019-03-12,1700
436,2019-03-13,1075
437,2019-03-14,1165
438,2019-03-15,540
439,2019-03-16,170
440,2019-03-17,55
441,2019-03-18,5080
442,2019-03-19,4780
443,2019-03-20,3815
444,2019-03-21,4655
445,2019-03-22,3780
446,2019-03-23,1740
447,2019-03-24,760
448,2019-03-25,4110
449,2019-03-26,5765
450,2019-03-27,3410
451,2019-03-28,4200
452,2019-03-29,3985
453,2019-03-30,1200
454,2019-03-31,1165
455,2019-04-01,6090
456,2019-04-02,3425
457,2019-04-03,2930
458,2019-04-04,3980
459,2019-04-05,3645
460,2019-04-06,520
461,2019-04-07,1120
462,2019-04-08,6150
463,2019-04-09,6350
464,2019-04-10,3995
465,2019-04-11,4205
466,2019-04-12,2810
467,2019-04-13,865
468,2019-04-14,250
469,2019-04-15,4990
470,2019-04-16,7085
471,2019-04-17,3520
472,2019-04-18,5315
473,2019-04-19,3290
474,2019-04-20,1890
475,2019-04-21,1715
476,2019-04-22,1565
477,2019-04-23,5405
478,2019-04-24,5795
479,2019-04-25,3655
480,2019-04-26,3305
481,2019-04-27,65
482,2019-04-28,190
483,2019-04-29,4155
484,2019-04-30,5240
485,2019-05-01,4415
486,2019-05-02,3110
487,2019-05-03,2550
488,2019-05-04,385
489,2019-05-05,25
490,2019-05-06,4430
491,2019-05-07,4010
492,2019-05-08,2765
493,2019-05-09,3610
494,2019-05-10,3660
495,2019-05-11,910
496,2019-05-12,1030
497,2019-05-13,4540
498,2019-05-14,5485
499,2019-05-15,6890
500,2019-05-16,5795
501,2019-05-17,2645
502,2019-05-18,1740
503,2019-05-19,715
504,2019-05-20,5955
505,2019-05-21,4675
506,2019-05-22,5320
507,2019-05-23,6555
508,2019-05-24,5300
509,2019-05-25,490
510,2019-05-26,800
511,2019-05-27,4990
512,2019-05-28,7130
513,2019-05-29,5430
514,2019-05-30,940
515,2019-05-31,3935
516,2019-06-01,1575
517,2019-06-02,1185
518,2019-06-03,5825
519,2019-06-04,5635
520,2019-06-05,3245
521,2019-06-06,5190
522,2019-06-07,2985
523,2019-06-08,515
524,2019-06-09,1055
525,2019-06-10,805
526,2019-06-11,3340
527,2019-06-12,2700
528,2019-06-13,3915
529,2019-06-14,3670
530,2019-06-15,560
531,2019-06-16,2250
532,2019-06-17,6335
533,2019-06-18,8440
534,2019-06-19,3545
535,2019-06-20,3120
536,2019-06-21,4710
537,2019-06-22,1540
538,2019-06-23,2270
539,2019-06-24,7695
540,2019-06-25,7315
541,2019-06-26,5645
542,2019-06-27,4385
543,2019-06-28,4540
544,2019-06-29,1440
545,2019-06-30,1360
546,2019-07-01,5500
547,2019-07-02,6900
548,2019-07-03,6775
549,2019-07-04,5595
550,2019-07-05,4555
551,2019-07-06,740
552,2019-07-07,635
553,2019-07-08,4470
554,2019-07-09,5650
555,2019-07-10,2730
556,2019-07-11,3475
557,2019-07-12,2855
558,2019-07-13,1155
559,2019-07-14,665
560,2019-07-15,3370
561,2019-07-16,5645
562,2019-07-17,5735
563,2019-07-18,3600
564,2019-07-19,3655
565,2019-07-20,530
566,2019-07-21,915
567,2019-07-22,5105
568,2019-07-23,7120
569,2019-07-24,4750
570,2019-07-25,3120
571,2019-07-26,2660
572,2019-07-27,785
573,2019-07-28,950
574,2019-07-29,5595
575,2019-07-30,6140
576,2019-07-31,3345
577,2019-08-01,3285
578,2019-08-02,1515
579,2019-08-03,1665
580,2019-08-04,1300
581,2019-08-05,3915
582,2019-08-06,7080
583,2019-08-07,3165
584,2019-08-08,5425
585,2019-08-09,1725
586,2019-08-10,550
587,2019-08-11,1305
588,2019-08-12,3855
589,2019-08-13,3075
590,2019-08-14,3950
591,2019-08-15,1475
592,2019-08-16,4425
593,2019-08-17,870
594,2019-08-18,1010
595,2019-08-19,5680
596,2019-08-20,7740
597,2019-08-21,6555
598,2019-08-22,5880
599,2019-08-23,5785
600,2019-08-24,1355
601,2019-08-25,1590
602,2019-08-26,8350
603,2019-08-27,7590
604,2019-08-28,5820
605,2019-08-29,5885
606,2019-08-30,5885
607,2019-08-31,2085
608,2019-09-01,1190
609,2019-09-02,6370
610,2019-09-03,6335
611,2019-09-04,3035
612,2019-09-05,3295
613,2019-09-06,2330
614,2019-09-07,270
615,2019-09-08,575
616,2019-09-09,6380
617,2019-09-10,7265
618,2019-09-11,1860
619,2019-09-12,5795
620,2019-09-13,3275
621,2019-09-14,2195
622,2019-09-15,2505
623,2019-09-16,2955
624,2019-09-17,6065
625,2019-09-18,6170
626,2019-09-19,5570
627,2019-09-20,3775
628,2019-09-21,1215
629,2019-09-22,2615
630,2019-09-23,3845
631,2019-09-24,4290
632,2019-09-25,2640
633,2019-09-26,2915
634,2019-09-27,2905
635,2019-09-28,655
636,2019-09-29,335
637,2019-09-30,2435
638,2019-10-01,3240
639,2019-10-02,3555
640,2019-10-03,3385
641,2019-10-04,2070
642,2019-10-05,985
643,2019-10-06,555
644,2019-10-07,4790
645,2019-10-08,2895
646,2019-10-09,2170
647,2019-10-10,3460
648,2019-10-11,1655
649,2019-10-12,50
650,2019-10-13,290
651,2019-10-14,4280
652,2019-10-15,3905
653,2019-10-16,2510
654,2019-10-17,3765
655,2019-10-18,2700
656,2019-10-19,605
657,2019-10-20,215
658,2019-10-21,1420
659,2019-10-22,3690
660,2019-10-23,4395
661,2019-10-24,4475
662,2019-10-25,2325
663,2019-10-26,760
664,2019-10-27,550
665,2019-10-28,4085
666,2019-10-29,5490
667,2019-10-30,3875
668,2019-10-31,5095
669,2019-11-01,1550
670,2019-11-02,460
671,2019-11-03,400
672,2019-11-04,3125
673,2019-11-05,3780
674,2019-11-06,3440
675,2019-11-07,2735
676,2019-11-08,2870
677,2019-11-09,70
678,2019-11-10,505
679,2019-11-11,2595
680,2019-11-12,1310
681,2019-11-13,1470
682,2019-11-14,3125
683,2019-11-15,1740
684,2019-11-16,315
685,2019-11-17,650
686,2019-11-18,2505
687,2019-11-19,2745
688,2019-11-20,2540
689,2019-11-21,2510
690,2019-11-22,2615
691,2019-11-23,370
692,2019-11-24,1060
693,2019-11-25,3655
694,2019-11-26,3205
695,2019-11-27,1470
696,2019-11-28,1575
697,2019-11-29,1650
698,2019-11-30,645
699,2019-12-01,975
700,2019-12-02,2455
701,2019-12-03,3465
702,2019-12-04,2285
703,2019-12-05,2825
704,2019-12-06,625
705,2019-12-07,55
706,2019-12-08,55
707,2019-12-09,2055
708,2019-12-10,2225
709,2019-12-11,2880
710,2019-12-12,3040
711,2019-12-13,720
712,2019-12-14,55
713,2019-12-15,40
714,2019-12-16,2890
715,2019-12-17,2200
716,2019-12-18,2470
717,2019-12-19,3175
718,2019-12-20,1260
719,2019-12-21,235
720,2019-12-22,10
721,2019-12-23,1530
722,2019-12-24,305
723,2019-12-25,0
724,2019-12-26,235
725,2019-12-27,495
726,2019-12-28,240
727,2019-12-29,300
728,2019-12-30,970
729,2019-12-31,945
730,2020-01-01,240
731,2020-01-02,1810
732,2020-01-03,870
733,2020-01-04,640
734,2020-01-05,340
735,2020-01-06,3180
736,2020-01-07,4575
737,2020-01-08,2420
738,2020-01-09,2805
739,2020-01-10,2770
740,2020-01-11,620
741,2020-01-12,0
742,2020-01-13,3745
743,2020-01-14,2190
744,2020-01-15,2035
745,2020-01-16,4820
746,2020-01-17,3590
747,2020-01-18,540
748,2020-01-19,590
749,2020-01-20,4630
750,2020-01-21,5740
751,2020-01-22,2600
752,2020-01-23,3680
753,2020-01-24,2740
754,2020-01-25,965
755,2020-01-26,445
756,2020-01-27,3500
757,2020-01-28,2600
758,2020-01-29,2755
759,2020-01-30,3200
760,2020-01-31,2230
761,2020-02-01,180
762,2020-02-02,0
763,2020-02-03,4230
764,2020-02-04,2220
765,2020-02-05,3425
766,2020-02-06,4725
767,2020-02-07,3945
768,2020-02-08,535
769,2020-02-09,0
770,2020-02-10,2160
771,2020-02-11,2175
772,2020-02-12,3040
773,2020-02-13,1770
774,2020-02-14,2430
775,2020-02-15,85
776,2020-02-16,0
777,2020-02-17,2540
778,2020-02-18,3075
779,2020-02-19,2620
780,2020-02-20,2330
781,2020-02-21,2115
782,2020-02-22,185
783,2020-02-23,0
784,2020-02-24,2760
785,2020-02-25,3025
786,2020-02-26,2180
787,2020-02-27,2650
788,2020-02-28,1455
789,2020-02-29,155
790,2020-03-01,65
791,2020-03-02,2290
792,2020-03-03,3920
793,2020-03-04,3670
794,2020-03-05,3035
795,2020-03-06,2175
796,2020-03-07,855
797,2020-03-08,70
798,2020-03-09,4315
799,2020-03-10,1990
800,2020-03-11,2965
801,2020-03-12,2495
802,2020-03-13,815
803,2020-03-14,575
804,2020-03-15,250
805,2020-03-16,1620
806,2020-03-17,1500
807,2020-03-18,1280
808,2020-03-19,310
809,2020-03-20,1020
810,2020-03-21,245
811,2020-03-22,580
812,2020-03-23,700
813,2020-03-24,340
814,2020-03-25,2360
815,2020-03-26,1550
816,2020-03-27,1580
817,2020-03-28,775
818,2020-03-29,210
819,2020-03-30,440
820,2020-03-31,1345
821,2020-04-01,1575
822,2020-04-02,1900
823,2020-04-03,1840
824,2020-04-04,1045
825,2020-04-05,2650
826,2020-04-06,2420
827,2020-04-07,2525
828,2020-04-08,3445
829,2020-04-09,2700
830,2020-04-10,2760
831,2020-04-11,2990
832,2020-04-12,1710
833,2020-04-13,495
834,2020-04-14,1615
835,2020-04-15,2770
836,2020-04-16,2865
837,2020-04-17,2610
838,2020-04-18,985
839,2020-04-19,2210
840,2020-04-20,2615
841,2020-04-21,1425
842,2020-04-22,2690
843,2020-04-23,3460
844,2020-04-24,2815
845,2020-04-25,1390
846,2020-04-26,2290
847,2020-04-27,1785
848,2020-04-28,540
849,2020-04-29,1485
850,2020-04-30,940
851,2020-05-01,475
852,2020-05-02,1105
853,2020-05-03,1980
854,2020-05-04,1830
855,2020-05-05,3055
856,2020-05-06,3115
857,2020-05-07,3205
858,2020-05-08,4620
859,2020-05-09,4320
860,2020-05-10,2050
861,2020-05-11,1755
862,2020-05-12,3270
863,2020-05-13,2240
864,2020-05-14,3830
865,2020-05-15,4035
866,2020-05-16,2535
867,2020-05-17,2455
868,2020-05-18,5655
869,2020-05-19,5150
870,2020-05-20,5375
871,2020-05-21,4390
872,2020-05-22,1945
873,2020-05-23,1165
874,2020-05-24,1050
875,2020-05-25,3745
876,2020-05-26,5875
877,2020-05-27,6190
878,2020-05-28,6665
879,2020-05-29,2850
880,2020-05-30,4280
881,2020-05-31,3250
882,2020-06-01,4175
883,2020-06-02,7485
884,2020-06-03,6395
885,2020-06-04,3285
886,2020-06-05,1145
887,2020-06-06,1725
888,2020-06-07,735
889,2020-06-08,4780
890,2020-06-09,6770
891,2020-06-10,5750
892,2020-06-11,4810
893,2020-06-12,5410
894,2020-06-13,4260
895,2020-06-14,2650
896,2020-06-15,6385
897,2020-06-16,6480
898,2020-06-17,6270
899,2020-06-18,4045
900,2020-06-19,5365
901,2020-06-20,3275
902,2020-06-21,3395
903,2020-06-22,7755
904,2020-06-23,7825
905,2020-06-24,7385
906,2020-06-25,6500
907,2020-06-26,6230
908,2020-06-27,1800
909,2020-06-28,2620
910,2020-06-29,3190
911,2020-06-30,3555
912,2020-07-01,3650
913,2020-07-02,4300
914,2020-07-03,3370
915,2020-07-04,640
916,2020-07-05,380
917,2020-07-06,3050
918,2020-07-07,5335
919,2020-07-08,1430
920,2020-07-09,1705
921,2020-07-10,1930
922,2020-07-11,2315
923,2020-07-12,2655
924,2020-07-13,4345
925,2020-07-14,3080
926,2020-07-15,4825
927,2020-07-16,3190
928,2020-07-17,3165
929,2020-07-18,2935
930,2020-07-19,2290
931,2020-07-20,3985
932,2020-07-21,5595
933,2020-07-22,4935
934,2020-07-23,4270
935,2020-07-24,3305
936,2020-07-25,1545
937,2020-07-26,2020
938,2020-07-27,3940
939,2020-07-28,4075
940,2020-07-29,3245
941,2020-07-30,5320
942,2020-07-31,5420
943,2020-08-01,2445
944,2020-08-02,2870
945,2020-08-03,2580
946,2020-08-04,5005
947,2020-08-05,4390
948,2020-08-06,3670
949,2020-08-07,4305
950,2020-08-08,2230
951,2020-08-09,2595
952,2020-08-10,4055
953,2020-08-11,4460
954,2020-08-12,3945
955,2020-08-13,4260
956,2020-08-14,3510
957,2020-08-15,2425
958,2020-08-16,1810
959,2020-08-17,3930
960,2020-08-18,4900
961,2020-08-19,6155
962,2020-08-20,5125
963,2020-08-21,4520
964,2020-08-22,965
965,2020-08-23,1275
966,2020-08-24,3400
967,2020-08-25,3095
968,2020-08-26,1420
969,2020-08-27,4910
970,2020-08-28,2270
971,2020-08-29,1290
972,2020-08-30,1640
973,2020-08-31,4985
974,2020-09-01,5390
975,2020-09-02,5940
976,2020-09-03,1365
977,2020-09-04,3980
978,2020-09-05,1770
979,2020-09-06,1765
980,2020-09-07,5145
981,2020-09-08,4550
982,2020-09-09,4460
983,2020-09-10,5415
984,2020-09-11,4910
985,2020-09-12,1655
986,2020-09-13,1935
987,2020-09-14,5790
988,2020-09-15,7385
989,2020-09-16,5185
990,2020-09-17,5055
991,2020-09-18,4885
992,2020-09-19,3120
993,2020-09-20,1970
994,2020-09-21,3985
995,2020-09-22,6110
996,2020-09-23,4115
997,2020-09-24,3190
998,2020-09-25,1600
999,2020-09-26,1730
1000,2020-09-27,370
1001,2020-09-28,2530
1002,2020-09-29,3725
1003,2020-09-30,2695
1004,2020-10-01,1435
1005,2020-10-02,2445
1006,2020-10-03,280
1007,2020-10-04,220
1008,2020-10-05,1160
1009,2020-10-06,1540
1010,2020-10-07,1370
1011,2020-10-08,425
1012,2020-10-09,2465
1013,2020-10-10,935
1014,2020-10-11,495
1015,2020-10-12,2875
1016,2020-10-13,3245
1017,2020-10-14,1895
1018,2020-10-15,2440
1019,2020-10-16,1755
1020,2020-10-17,1400
1021,2020-10-18,1055
1022,2020-10-19,3135
1023,2020-10-20,1905
1024,2020-10-21,1315
1025,2020-10-22,2090
1026,2020-10-23,1875
1027,2020-10-24,515
1028,2020-10-25,815
1029,2020-10-26,2150
1030,2020-10-27,2160
1031,2020-10-28,1865
1032,2020-10-29,2030
1033,2020-10-30,1460
1034,2020-10-31,1120
1035,2020-11-01,295
1036,2020-11-02,1570
1037,2020-11-03,1655
1038,2020-11-04,3450
1039,2020-11-05,3035
1040,2020-11-06,2800
1041,2020-11-07,1360
1042,2020-11-08,1930
1043,2020-11-09,2655
1044,2020-11-10,3395
1045,2020-11-11,2945
1046,2020-11-12,2170
1047,2020-11-13,2140
1048,2020-11-14,1075
1049,2020-11-15,290
1050,2020-11-16,1405
1051,2020-11-17,2085
1052,2020-11-18,3635
1053,2020-11-19,1160
1054,2020-11-20,1545
1055,2020-11-21,1075
1056,2020-11-22,405
1057,2020-11-23,3135
1058,2020-11-24,1970
1059,2020-11-25,3680
1060,2020-11-26,2290
1061,2020-11-27,1480
1062,2020-11-28,965
1063,2020-11-29,145
1064,2020-11-30,965
1065,2020-12-01,1290
1066,2020-12-02,3070
1067,2020-12-03,1590
1068,2020-12-04,1380
1069,2020-12-05,1160
1070,2020-12-06,790
1071,2020-12-07,1030
1072,2020-12-08,2220
1073,2020-12-09,2125
1074,2020-12-10,2030
1075,2020-12-11,630
1076,2020-12-12,530
1077,2020-12-13,1125
1078,2020-12-14,2035
1079,2020-12-15,1690
1080,2020-12-16,1880
1081,2020-12-17,1265
1082,2020-12-18,1070
1083,2020-12-19,270
1084,2020-12-20,1005
1085,2020-12-21,1095
1086,2020-12-22,1670
1087,2020-12-23,375
1088,2020-12-24,530
1089,2020-12-25,90
1090,2020-12-26,110
1091,2020-12-27,0
1092,2020-12-28,1350
1093,2020-12-29,205
1094,2020-12-30,770
1095,2020-12-31,920
1096,2021-01-01,235
1097,2021-01-02,455
1098,2021-01-03,725
1099,2021-01-04,970
1100,2021-01-05,2445
1101,2021-01-06,1340
1102,2021-01-07,805
1103,2021-01-08,1520
1104,2021-01-09,1390
1105,2021-01-10,475
1106,2021-01-11,1775
1107,2021-01-12,1755
1108,2021-01-13,1520
1109,2021-01-14,2525
1110,2021-01-15,2205
1111,2021-01-16,235
1112,2021-01-17,290
1113,2021-01-18,1665
1114,2021-01-19,780
1115,2021-01-20,1610
1116,2021-01-21,1900
1117,2021-01-22,1640
1118,2021-01-23,1105
1119,2021-01-24,435
1120,2021-01-25,2025
1121,2021-01-26,1880
1122,2021-01-27,1835
1123,2021-01-28,985
1124,2021-01-29,640
1125,2021-01-30,1560
1126,2021-01-31,1310
1127,2021-02-01,120
1128,2021-02-02,245
1129,2021-02-03,1965
1130,2021-02-04,2945
1131,2021-02-05,1020
1132,2021-02-06,675
1133,2021-02-07,25
1134,2021-02-08,45
1135,2021-02-09,70
1136,2021-02-10,365
1137,2021-02-11,320
1138,2021-02-12,935
1139,2021-02-13,895
1140,2021-02-14,295
1141,2021-02-15,70
1142,2021-02-16,1415
1143,2021-02-17,2010
1144,2021-02-18,1425
1145,2021-02-19,2455
1146,2021-02-20,1770
1147,2021-02-21,2530
1148,2021-02-22,2380
1149,2021-02-23,4180
1150,2021-02-24,4550
1151,2021-02-25,3790
1152,2021-02-26,3045
1153,2021-02-27,2260
1154,2021-02-28,1760
1155,2021-03-01,2725
1156,2021-03-02,4800
1157,2021-03-03,3960
1158,2021-03-04,2975
1159,2021-03-05,2710
1160,2021-03-06,1520
1161,2021-03-07,1545
1162,2021-03-08,2810
1163,2021-03-09,2430
1164,2021-03-10,1615
1165,2021-03-11,1495
1166,2021-03-12,2355
1167,2021-03-13,120
1168,2021-03-14,320
1169,2021-03-15,3400
1170,2021-03-16,2220
1171,2021-03-17,3500
1172,2021-03-18,3285
1173,2021-03-19,4995
1174,2021-03-20,2385
1175,2021-03-21,1155
1176,2021-03-22,3085
1177,2021-03-23,4550
1178,2021-03-24,4300
1179,2021-03-25,3365
1180,2021-03-26,3025
1181,2021-03-27,840
1182,2021-03-28,1135
1183,2021-03-29,3285
1184,2021-03-30,6775
1185,2021-03-31,5940
1186,2021-04-01,3895
1187,2021-04-02,2030
1188,2021-04-03,955
1189,2021-04-04,555
1190,2021-04-05,100
1191,2021-04-06,730
1192,2021-04-07,1165
1193,2021-04-08,4105
1194,2021-04-09,2505
1195,2021-04-10,345
1196,2021-04-11,540
1197,2021-04-12,1510
1198,2021-04-13,3940
1199,2021-04-14,3390
1200,2021-04-15,5320
1201,2021-04-16,3390
1202,2021-04-17,4190
1203,2021-04-18,3655
1204,2021-04-19,3590
1205,2021-04-20,5240
1206,2021-04-21,4210
1207,2021-04-22,5110
1208,2021-04-23,4175
1209,2021-04-24,3380
1210,2021-04-25,1710
1211,2021-04-26,2110
1212,2021-04-27,2450
1213,2021-04-28,3770
1214,2021-04-29,1335
1215,2021-04-30,1475
1216,2021-05-01,2020
1217,2021-05-02,1990
1218,2021-05-03,2195
1219,2021-05-04,1170
1220,2021-05-05,1240
1221,2021-05-06,2935
1222,2021-05-07,2285
1223,2021-05-08,1190
1224,2021-05-09,1850
1225,2021-05-10,2395
1226,2021-05-11,4880
1227,2021-05-12,4895
1228,2021-05-13,3520
1229,2021-05-14,3610
1230,2021-05-15,2000
1231,2021-05-16,1030
1232,2021-05-17,1650
1233,2021-05-18,4155
1234,2021-05-19,3450
1235,2021-05-20,6155
1236,2021-05-21,2060
1237,2021-05-22,1145
1238,2021-05-23,1540
1239,2021-05-24,310
1240,2021-05-25,2625
1241,2021-05-26,4305
1242,2021-05-27,2905
1243,2021-05-28,5030
1244,2021-05-29,3685
1245,2021-05-30,4550
1246,2021-05-31,5755
1247,2021-06-01,7865
1248,2021-06-02,6770
1249,2021-06-03,5090
1250,2021-06-04,5020
1251,2021-06-05,2395
1252,2021-06-06,3335
1253,2021-06-07,6105
1254,2021-06-08,7205
1255,2021-06-09,7215
1256,2021-06-10,6120
1257,2021-06-11,5310
1258,2021-06-12,4460
1259,2021-06-13,3445
1260,2021-06-14,5635
1261,2021-06-15,5480
1262,2021-06-16,6105
1263,2021-06-17,6390
1264,2021-06-18,2590
1265,2021-06-19,2275
1266,2021-06-20,2015
1267,2021-06-21,865
1268,2021-06-22,4995
1269,2021-06-23,4845
1270,2021-06-24,6570
1271,2021-06-25,4685
1272,2021-06-26,3260
1273,2021-06-27,2345
1274,2021-06-28,2715
1275,2021-06-29,3125
1276,2021-06-30,2820
1277,2021-07-01,3210
1278,2021-07-02,4380
1279,2021-07-03,3045
1280,2021-07-04,1795
1281,2021-07-05,4070
1282,2021-07-06,4090
1283,2021-07-07,4545
1284,2021-07-08,4890
1285,2021-07-09,4800
1286,2021-07-10,2580
1287,2021-07-11,2310
1288,2021-07-12,3340
1289,2021-07-13,3480
1290,2021-07-14,3590
1291,2021-07-15,2960
1292,2021-07-16,2745
1293,2021-07-17,3080
1294,2021-07-18,2895
1295,2021-07-19,3790
1296,2021-07-20,5975
1297,2021-07-21,4880
1298,2021-07-22,4760
1299,2021-07-23,3475
1300,2021-07-24,1980
1301,2021-07-25,1775
1302,2021-07-26,2600
1303,2021-07-27,2510
1304,2021-07-28,2080
1305,2021-07-29,3135
1306,2021-07-30,1505
1307,2021-07-31,1925
1308,2021-08-01,1145
1309,2021-08-02,3055
1310,2021-08-03,4190
1311,2021-08-04,4005
1312,2021-08-05,4335
1313,2021-08-06,1705
1314,2021-08-07,2080
1315,2021-08-08,835
1316,2021-08-09,1495
1317,2021-08-10,2795
1318,2021-08-11,4640
1319,2021-08-12,4210
1320,2021-08-13,3110
1321,2021-08-14,1880
1322,2021-08-15,2850
1323,2021-08-16,2400
1324,2021-08-17,2210
1325,2021-08-18,3490
1326,2021-08-19,2795
1327,2021-08-20,2595
1328,2021-08-21,2035
1329,2021-08-22,650
1330,2021-08-23,4500
1331,2021-08-24,6265
1332,2021-08-25,5595
1333,2021-08-26,3400
1334,2021-08-27,3590
1335,2021-08-28,1840
1336,2021-08-29,1255
1337,2021-08-30,3170
1338,2021-08-31,4780
1339,2021-09-01,4505
1340,2021-09-02,5145
1341,2021-09-03,3845
1342,2021-09-04,2865
1343,2021-09-05,2005
1344,2021-09-06,4340
1345,2021-09-07,6685
1346,2021-09-08,6415
1347,2021-09-09,4930
1348,2021-09-10,4255
1349,2021-09-11,1825
1350,2021-09-12,1785
1351,2021-09-13,3965
1352,2021-09-14,5595
1353,2021-09-15,4815
1354,2021-09-16,4675
1355,2021-09-17,4420
1356,2021-09-18,2780
1357,2021-09-19,2610
1358,2021-09-20,4750
1359,2021-09-21,7160
1360,2021-09-22,5980
1361,2021-09-23,4285
1362,2021-09-24,3970
1363,2021-09-25,2525
1364,2021-09-26,1890
1365,2021-09-27,3510
1366,2021-09-28,5930
1367,2021-09-29,1970
1368,2021-09-30,4015
1369,2021-10-01,2720
1370,2021-10-02,1985
1371,2021-10-03,615
1372,2021-10-04,3545
1373,2021-10-05,3955
1374,2021-10-06,1700
1375,2021-10-07,5185
1376,2021-10-08,4190
1377,2021-10-09,1700
1378,2021-10-10,1670
1379,2021-10-11,3550
1380,2021-10-12,2520
1381,2021-10-13,4385
1382,2021-10-14,4525
1383,2021-10-15,2870
1384,2021-10-16,1825
1385,2021-10-17,1785
1386,2021-10-18,3695
1387,2021-10-19,2770
1388,2021-10-20,2480
1389,2021-10-21,2360
1390,2021-10-22,2305
1391,2021-10-23,840
1392,2021-10-24,760
1393,2021-10-25,2035
1394,2021-10-26,3780
1395,2021-10-27,3680
1396,2021-10-28,5880
1397,2021-10-29,4010
1398,2021-10-30,525
1399,2021-10-31,1405
1400,2021-11-01,2815
1401,2021-11-02,4210
1402,2021-11-03,4075
1403,2021-11-04,3545
1404,2021-11-05,2630
1405,2021-11-06,1610
1406,2021-11-07,745
1407,2021-11-08,2220
1408,2021-11-09,3125
1409,2021-11-10,4245
1410,2021-11-11,3550
1411,2021-11-12,2050
1412,2021-11-13,640
1413,2021-11-14,1105
1414,2021-11-15,2250
1415,2021-11-16,2385
1416,2021-11-17,2440
1417,2021-11-18,2880
1418,2021-11-19,2205
1419,2021-11-20,1035
1420,2021-11-21,795
1421,2021-11-22,2830
1422,2021-11-23,2245
1423,2021-11-24,3125
1424,2021-11-25,2445
1425,2021-11-26,1080
1426,2021-11-27,255
1427,2021-11-28,315
1428,2021-11-29,1445
1429,2021-11-30,690
1430,2021-12-01,495
1431,2021-12-02,1765
1432,2021-12-03,625
1433,2021-12-04,335
1434,2021-12-05,560
1435,2021-12-06,1205
1436,2021-12-07,1855
1437,2021-12-08,865
1438,2021-12-09,1145
1439,2021-12-10,1280
1440,2021-12-11,1055
1441,2021-12-12,60
1442,2021-12-13,1450
1443,2021-12-14,1805
1444,2021-12-15,2260
1445,2021-12-16,1950
1446,2021-12-17,1365
1447,2021-12-18,285
1448,2021-12-19,365
1449,2021-12-20,1730
1450,2021-12-21,960
1451,2021-12-22,1760
1452,2021-12-23,665
1453,2021-12-24,300
1454,2021-12-25,120
1455,2021-12-26,30
1456,2021-12-27,315
1457,2021-12-28,170
1458,2021-12-29,595
1459,2021-12-30,265
1460,2021-12-31,315
1461,2022-01-01,515
1462,2022-01-02,275
1463,2022-01-03,1180
1464,2022-01-04,1170
1465,2022-01-05,1155
1466,2022-01-06,1490
1467,2022-01-07,595
1468,2022-01-08,140
1469,2022-01-09,380
1470,2022-01-10,2770
1471,2022-01-11,2380
1472,2022-01-12,2825
1473,2022-01-13,3195
1474,2022-01-14,2305
1475,2022-01-15,1655
1476,2022-01-16,1020
1477,2022-01-17,2135
1478,2022-01-18,2470
1479,2022-01-19,1860
1480,2022-01-20,2125
1481,2022-01-21,585
1482,2022-01-22,460
1483,2022-01-23,275
1484,2022-01-24,2255
1485,2022-01-25,2850
1486,2022-01-26,2215
1487,2022-01-27,1290
1488,2022-01-28,2860
1489,2022-01-29,320
1490,2022-01-30,1430
1491,2022-01-31,235
1492,2022-02-01,1255
1493,2022-02-02,2825
1494,2022-02-03,2185
1495,2022-02-04,1005
1496,2022-02-05,840
1497,2022-02-06,0
1498,2022-02-07,1800
1499,2022-02-08,2505
1500,2022-02-09,1490
1501,2022-02-10,1805
1502,2022-02-11,2475
1503,2022-02-12,970
1504,2022-02-13,165
1505,2022-02-14,2080
1506,2022-02-15,2095
1507,2022-02-16,1535
1508,2022-02-17,1370
1509,2022-02-18,250
1510,2022-02-19,770
1511,2022-02-20,90
1512,2022-02-21,130
1513,2022-02-22,2115
1514,2022-02-23,4475
1515,2022-02-24,2145
1516,2022-02-25,1300
1517,2022-02-26,1605
1518,2022-02-27,1210
1519,2022-02-28,2895
1520,2022-03-01,2450
1521,2022-03-02,4045
1522,2022-03-03,5550
1523,2022-03-04,3355
1524,2022-03-05,2215
1525,2022-03-06,1645
1526,2022-03-07,4805
1527,2022-03-08,3860
1528,2022-03-09,5300
1529,2022-03-10,4540
1530,2022-03-11,3670
1531,2022-03-12,1850
1532,2022-03-13,1530
1533,2022-03-14,3830
1534,2022-03-15,5095
1535,2022-03-16,5535
1536,2022-03-17,4990
1537,2022-03-18,4440
1538,2022-03-19,1080
1539,2022-03-20,350
1540,2022-03-21,5115
1541,2022-03-22,6265
1542,2022-03-23,7365
1543,2022-03-24,5375
1544,2022-03-25,4445
1545,2022-03-26,2100
1546,2022-03-27,2385
1547,2022-03-28,2215
1548,2022-03-29,5540
1549,2022-03-30,4880
1550,2022-03-31,1875
1551,2022-04-01,1965
1552,2022-04-02,985
1553,2022-04-03,675
1554,2022-04-04,685
1555,2022-04-05,2325
1556,2022-04-06,2455
1557,2022-04-07,1225
1558,2022-04-08,2045
1559,2022-04-09,390
1560,2022-04-10,815
1561,2022-04-11,4535
1562,2022-04-12,7155
1563,2022-04-13,6275
1564,2022-04-14,6760
1565,2022-04-15,4240
1566,2022-04-16,2490
1567,2022-04-17,2250
1568,2022-04-18,2310
1569,2022-04-19,5095
1570,2022-04-20,7320
1571,2022-04-21,6485
1572,2022-04-22,4500
1573,2022-04-23,2255
1574,2022-04-24,1960
1575,2022-04-25,3390
1576,2022-04-26,4730
1577,2022-04-27,2035
1578,2022-04-28,4270
1579,2022-04-29,4950
1580,2022-04-30,1680
1581,2022-05-01,2335
1582,2022-05-02,4365
1583,2022-05-03,5180
1584,2022-05-04,5705
1585,2022-05-05,4970
1586,2022-05-06,4065
1587,2022-05-07,2310
1588,2022-05-08,1845
1589,2022-05-09,6030
1590,2022-05-10,5575
1591,2022-05-11,6395
1592,2022-05-12,7170
1593,2022-05-13,4395
1594,2022-05-14,2570
1595,2022-05-15,2940
1596,2022-05-16,4685
1597,2022-05-17,7095
1598,2022-05-18,5910
1599,2022-05-19,3725
1600,2022-05-20,2425
1601,2022-05-21,2760
1602,2022-05-22,3410
1603,2022-05-23,3075
1604,2022-05-24,3825
1605,2022-05-25,5875
1606,2022-05-26,3425
1607,2022-05-27,3195
1608,2022-05-28,2080
1609,2022-05-29,1610
1610,2022-05-30,5195
1611,2022-05-31,5870
1612,2022-06-01,5375
1613,2022-06-02,7340
1614,2022-06-03,4385
1615,2022-06-04,2580
1616,2022-06-05,635
1617,2022-06-06,145
1618,2022-06-07,6140
1619,2022-06-08,3655
1620,2022-06-09,6125
1621,2022-06-10,4695
1622,2022-06-11,3155
1623,2022-06-12,2955
1624,2022-06-13,5455
1625,2022-06-14,7670
1626,2022-06-15,6220
1627,2022-06-16,8395
1628,2022-06-17,4975
1629,2022-06-18,3895
1630,2022-06-19,2145
1631,2022-06-20,5840
1632,2022-06-21,7440
1633,2022-06-22,7350
1634,2022-06-23,5870
1635,2022-06-24,2810
1636,2022-06-25,1790
1637,2022-06-26,2310
1638,2022-06-27,4410
1639,2022-06-28,5170
1640,2022-06-29,6255
1641,2022-06-30,4525
1642,2022-07-01,4110
1643,2022-07-02,2570
1644,2022-07-03,2270
1645,2022-07-04,6830
1646,2022-07-05,5300
1647,2022-07-06,5975
1648,2022-07-07,4615
1649,2022-07-08,4650
1650,2022-07-09,1920
1651,2022-07-10,1875
1652,2022-07-11,5070
1653,2022-07-12,7240
1654,2022-07-13,4600
1655,2022-07-14,7195
1656,2022-07-15,5000
1657,2022-07-16,2535
1658,2022-07-17,3045
1659,2022-07-18,4915
1660,2022-07-19,5875
1661,2022-07-20,4650
1662,2022-07-21,3315
1663,2022-07-22,3655
1664,2022-07-23,2950
1665,2022-07-24,2370
1666,2022-07-25,4200
1667,2022-07-26,3980
1668,2022-07-27,6170
1669,2022-07-28,5910
1670,2022-07-29,4075
1671,2022-07-30,1915
1672,2022-07-31,755
1673,2022-08-01,3640
1674,2022-08-02,7280
1675,2022-08-03,5455
1676,2022-08-04,4190
1677,2022-08-05,3315
1678,2022-08-06,2085
1679,2022-08-07,2570
1680,2022-08-08,4710
1681,2022-08-09,6810
1682,2022-08-10,6050
1683,2022-08-11,4990
1684,2022-08-12,3780
1685,2022-08-13,1890
1686,2022-08-14,3030
1687,2022-08-15,3740
1688,2022-08-16,5490
1689,2022-08-17,1690
1690,2022-08-18,4650
1691,2022-08-19,3670
1692,2022-08-20,2930
1693,2022-08-21,2760
1694,2022-08-22,4830
1695,2022-08-23,6360
1696,2022-08-24,7185
1697,2022-08-25,6735
1698,2022-08-26,3870
1699,2022-08-27,1880
1700,2022-08-28,1665
1701,2022-08-29,6705
1702,2022-08-30,9210
1703,2022-08-31,6385
1704,2022-09-01,6310
1705,2022-09-02,5225
1706,2022-09-03,2265
1707,2022-09-04,2050
1708,2022-09-05,6710
1709,2022-09-06,7495
1710,2022-09-07,6275
1711,2022-09-08,2720
1712,2022-09-09,3110
1713,2022-09-10,1655
1714,2022-09-11,2255
1715,2022-09-12,6425
1716,2022-09-13,7020
1717,2022-09-14,6605
1718,2022-09-15,7645
1719,2022-09-16,1110
1720,2022-09-17,670
1721,2022-09-18,830
1722,2022-09-19,4355
1723,2022-09-20,6270
1724,2022-09-21,4870
1725,2022-09-22,6690
1726,2022-09-23,2685
1727,2022-09-24,1030
1728,2022-09-25,2235
1729,2022-09-26,2795
1730,2022-09-27,2030
1731,2022-09-28,3370
1732,2022-09-29,4085
1733,2022-09-30,3310
